{
    "name": "root",
    "gauges": {
        "MyBehavior.Policy.Entropy.mean": {
            "value": 1.4495573043823242,
            "min": 1.4290062189102173,
            "max": 1.4495573043823242,
            "count": 10
        },
        "MyBehavior.Policy.Entropy.sum": {
            "value": 72686.6015625,
            "min": 71884.7265625,
            "max": 72686.6015625,
            "count": 10
        },
        "MyBehavior.Environment.EpisodeLength.mean": {
            "value": 82.54194630872483,
            "min": 80.73409461663948,
            "max": 87.92526690391459,
            "count": 10
        },
        "MyBehavior.Environment.EpisodeLength.sum": {
            "value": 49195.0,
            "min": 49085.0,
            "max": 49851.0,
            "count": 10
        },
        "MyBehavior.Step.mean": {
            "value": 499986.0,
            "min": 49963.0,
            "max": 499986.0,
            "count": 10
        },
        "MyBehavior.Step.sum": {
            "value": 499986.0,
            "min": 49963.0,
            "max": 499986.0,
            "count": 10
        },
        "MyBehavior.Policy.ExtrinsicValueEstimate.mean": {
            "value": -0.19661419093608856,
            "min": -0.2872825860977173,
            "max": 1.7163141965866089,
            "count": 10
        },
        "MyBehavior.Policy.ExtrinsicValueEstimate.sum": {
            "value": -212.34332275390625,
            "min": -311.4143371582031,
            "max": 1869.066162109375,
            "count": 10
        },
        "MyBehavior.Environment.CumulativeReward.mean": {
            "value": -0.4074539363484087,
            "min": -0.5595026642984015,
            "max": -0.35204918032786886,
            "count": 10
        },
        "MyBehavior.Environment.CumulativeReward.sum": {
            "value": -243.25,
            "min": -315.0,
            "max": -214.75,
            "count": 10
        },
        "MyBehavior.Policy.ExtrinsicReward.mean": {
            "value": -0.4074539363484087,
            "min": -0.5595026642984015,
            "max": -0.35204918032786886,
            "count": 10
        },
        "MyBehavior.Policy.ExtrinsicReward.sum": {
            "value": -243.25,
            "min": -315.0,
            "max": -214.75,
            "count": 10
        },
        "MyBehavior.Losses.PolicyLoss.mean": {
            "value": 0.024665337906529507,
            "min": 0.01905272186656172,
            "max": 0.025064834935280184,
            "count": 10
        },
        "MyBehavior.Losses.PolicyLoss.sum": {
            "value": 0.12332668953264753,
            "min": 0.07621088746624688,
            "max": 0.12532417467640092,
            "count": 10
        },
        "MyBehavior.Losses.ValueLoss.mean": {
            "value": 0.05934137823681037,
            "min": 0.046016194149851794,
            "max": 1.0849815196047226,
            "count": 10
        },
        "MyBehavior.Losses.ValueLoss.sum": {
            "value": 0.29670689118405186,
            "min": 0.23008097074925898,
            "max": 4.33992607841889,
            "count": 10
        },
        "MyBehavior.Policy.LearningRate.mean": {
            "value": 1.6515094494999994e-05,
            "min": 1.6515094494999994e-05,
            "max": 0.00028456920514359995,
            "count": 10
        },
        "MyBehavior.Policy.LearningRate.sum": {
            "value": 8.257547247499998e-05,
            "min": 8.257547247499998e-05,
            "max": 0.0012841674719442,
            "count": 10
        },
        "MyBehavior.Policy.Epsilon.mean": {
            "value": 0.10550499999999999,
            "min": 0.10550499999999999,
            "max": 0.19485640000000004,
            "count": 10
        },
        "MyBehavior.Policy.Epsilon.sum": {
            "value": 0.5275249999999999,
            "min": 0.5000969999999999,
            "max": 0.9280558,
            "count": 10
        },
        "MyBehavior.Policy.Beta.mean": {
            "value": 0.00028469950000000003,
            "min": 0.00028469950000000003,
            "max": 0.00474333436,
            "count": 10
        },
        "MyBehavior.Policy.Beta.sum": {
            "value": 0.0014234975,
            "min": 0.0014234975,
            "max": 0.02140998442,
            "count": 10
        },
        "MyBehavior.IsTraining.mean": {
            "value": 1.0,
            "min": 1.0,
            "max": 1.0,
            "count": 10
        },
        "MyBehavior.IsTraining.sum": {
            "value": 1.0,
            "min": 1.0,
            "max": 1.0,
            "count": 10
        }
    },
    "metadata": {
        "timer_format_version": "0.1.0",
        "start_time_seconds": "1726558196",
        "python_version": "3.10.11 (tags/v3.10.11:7d4cc5a, Apr  5 2023, 00:38:17) [MSC v.1929 64 bit (AMD64)]",
        "command_line_arguments": "C:\\Users\\stj.aasevimli\\ML Agents Repo\\venv\\Scripts\\mlagents-learn --run-id=sshipMovMod1Test-3",
        "mlagents_version": "1.1.0.dev0",
        "mlagents_envs_version": "1.1.0.dev0",
        "communication_protocol_version": "1.5.0",
        "pytorch_version": "2.2.2+cu121",
        "numpy_version": "1.23.5",
        "end_time_seconds": "1726558531"
    },
    "total": 335.58989799999927,
    "count": 1,
    "self": 0.00805579999996553,
    "children": {
        "run_training.setup": {
            "total": 0.036403899999641,
            "count": 1,
            "self": 0.036403899999641
        },
        "TrainerController.start_learning": {
            "total": 335.54543829999966,
            "count": 1,
            "self": 0.521155899947189,
            "children": {
                "TrainerController._reset_env": {
                    "total": 8.81765279999945,
                    "count": 1,
                    "self": 8.81765279999945
                },
                "TrainerController.advance": {
                    "total": 326.1622449000524,
                    "count": 35835,
                    "self": 0.47599900009572593,
                    "children": {
                        "env_step": {
                            "total": 240.69743670000116,
                            "count": 35835,
                            "self": 208.1058253000474,
                            "children": {
                                "SubprocessEnvManager._take_step": {
                                    "total": 32.26149699998041,
                                    "count": 35835,
                                    "self": 1.2624210000476523,
                                    "children": {
                                        "TorchPolicy.evaluate": {
                                            "total": 30.999075999932757,
                                            "count": 31284,
                                            "self": 30.999075999932757
                                        }
                                    }
                                },
                                "workers": {
                                    "total": 0.330114399973354,
                                    "count": 35835,
                                    "self": 0.0,
                                    "children": {
                                        "worker_root": {
                                            "total": 326.8630436000085,
                                            "count": 35835,
                                            "is_parallel": true,
                                            "self": 149.57759709999118,
                                            "children": {
                                                "steps_from_proto": {
                                                    "total": 0.00033709999934217194,
                                                    "count": 1,
                                                    "is_parallel": true,
                                                    "self": 0.00016569999934290536,